CUSTOMER_ID,FIRSTNAME,LASTNAME,GENDER,BIRTHDATE,CREDITS,EMAIL
1,Claudelle,Moggan,Female,9/10/1967,3354,cmoggan0@cocolog-nifty.com
2,Gideon,Rosgen,Male,3/20/1976,2012,grosgen1@stanford.edu
3,Sean,Gonthier,Female,12/29/1999,3826,sgonthier2@independent.co.uk
4,Sena,Chadwell,Female,5/8/1987,1670,schadwell3@shop-pro.jp
5,Fidole,Wainwright,Male,7/28/1974,3353,fwainwright4@scientificamerican.com
6,Towny,Bertholin,Male,7/17/1963,2724,tbertholin5@topsy.com
7,Dun,Syder,Male,7/14/1982,3014,dsyder6@redcross.org
8,Randi,Laughnan,Male,7/4/1989,96,rlaughnan7@angelfire.com
9,Ulla,Oguz,Female,10/28/1977,76,uoguz8@hc360.com
10,Madelina,Tennet,Female,1/2/1988,2177,mtennet9@netscape.com
11,Netta,Turn,Female,7/16/1979,3537,nturna@vinaora.com
12,Sebastien,Loynton,Male,9/23/1997,1236,sloyntonb@sohu.com
13,Rebeca,Dulany,Female,6/9/1974,4682,rdulanyc@stanford.edu
14,Camey,Ethridge,Male,5/7/1960,634,cethridged@moonfruit.com
15,Alexis,Matteotti,Male,1/15/1986,1413,amatteottie@oaic.gov.au
16,Bernie,Godehard.sf,Female,8/30/1982,2434,bgodehardsff@google.it
17,Suzy,Easom,Female,2/13/1977,1338,seasomg@samsung.com
18,Iggie,Di Nisco,Male,10/15/2000,3531,idiniscoh@dagondesign.com
19,Boy,Menat,Male,9/26/1968,1473,bmenati@seattletimes.com
20,Koralle,Humbey,Female,3/25/1982,631,khumbeyj@epa.gov
21,Bern,Basketter,Male,12/14/1983,2921,bbasketterk@zimbio.com
22,Abbi,Phetteplace,Female,6/8/1994,601,aphetteplacel@yahoo.com
23,Denice,Hrishchenko,Female,11/7/1980,1120,dhrishchenkom@forbes.com
24,Becki,Dufaur,Female,7/24/1974,914,bdufaurn@ox.ac.uk
25,Desirae,Pendre,Female,11/30/1998,3065,dpendreo@slate.com
26,Marjorie,Trye,Female,6/14/1966,3762,mtryep@ucoz.ru
27,Kingsley,Georgeon,Male,9/9/1995,1732,kgeorgeonq@w3.org
28,Felecia,Blackhurst,Female,1/9/1987,2697,fblackhurstr@ebay.co.uk
29,Alyssa,Batterbee,Female,5/2/1986,662,abatterbees@mashable.com
30,Corabella,Stainson,Female,4/18/2001,552,cstainsont@statcounter.com
31,Henry,Bracknall,Male,6/26/1979,2848,hbracknallu@craigslist.org
32,Emlynn,Smidmoor,Female,9/17/1974,1313,esmidmoorv@ted.com
33,Guido,Clucas,Male,12/9/1982,3165,gclucasw@freewebs.com
34,Ladonna,Snartt,Female,4/5/1985,2199,lsnarttx@imdb.com
35,Sawyer,Simmance,Male,2/17/1988,4119,ssimmancey@marriott.com
36,Marcellus,Dibdall,Male,10/25/1968,4987,mdibdallz@spotify.com
37,Hollyanne,Tourne,Female,10/10/2004,949,htourne10@yahoo.co.jp
38,Perry,Beernt,Female,9/6/1986,2207,pbeernt11@myspace.com
39,Normy,Houlton,Male,3/18/1963,3807,nhoulton12@economist.com
40,Thalia,Ghelerdini,Female,3/9/1979,1766,tghelerdini13@house.gov
41,Terrie,Ambrogioni,Female,6/16/1979,1302,tambrogioni14@cpanel.net
42,Noby,Shillabeare,Male,6/14/1961,3795,nshillabeare15@ezinearticles.com
43,Isacco,Kennard,Male,10/17/1976,1184,ikennard16@moonfruit.com
44,Julia,Standley,Female,11/24/1986,1457,jstandley17@ask.com
45,Edith,Brager,Female,11/16/1975,2886,ebrager18@vimeo.com
46,Elmer,Slocumb,Male,7/27/1971,602,eslocumb19@nymag.com
47,Maurene,Laneham,Female,8/10/1960,3962,mlaneham1a@symantec.com
48,Corette,Orsman,Female,11/21/1987,3582,corsman1b@godaddy.com
49,Perceval,O'Lennane,Male,11/11/1965,3968,polennane1c@csmonitor.com
50,Gonzales,Bendtsen,Male,5/3/1988,1881,gbendtsen1d@goodreads.com
51,Terrell,Sallter,Male,2/3/1973,4762,tsallter1e@mozilla.com
52,Brenda,Croom,Female,11/9/2003,3786,bcroom1f@xrea.com
53,Ralf,Wheelan,Male,6/8/1963,4079,rwheelan1g@1und1.de
54,Yasmin,Shenfisch,Female,2/7/1961,4784,yshenfisch1h@abc.net.au
55,Shanie,Jeff,Female,5/12/1963,2585,sjeff1i@rambler.ru
56,Ruby,Limer,Male,7/4/1980,3919,rlimer1j@homestead.com
57,Axe,Varga,Male,11/22/1994,854,avarga1k@tmall.com
58,Olenolin,McCaughan,Male,4/11/1979,422,omccaughan1l@microsoft.com
59,Theresina,Masterton,Female,3/23/1995,4288,tmasterton1m@salon.com
60,Sheena,Lidgett,Female,9/16/1996,1325,slidgett1n@moonfruit.com
61,Sergent,Bowra,Male,8/24/1969,1693,sbowra1o@wix.com
62,Garth,Normabell,Male,10/4/1961,210,gnormabell1p@nba.com
63,Rachel,Pachmann,Female,12/13/1960,3738,rpachmann1q@nymag.com
64,Gaspar,Yanshinov,Male,10/21/1987,833,gyanshinov1r@purevolume.com
65,Niles,Serfati,Male,5/15/1994,869,nserfati1s@umich.edu
66,Ives,Bownde,Male,9/13/1961,1013,ibownde1t@chicagotribune.com
67,Hermy,Bridgens,Male,5/21/1963,4330,hbridgens1u@dot.gov
68,Henry,Morot,Male,7/5/1968,2649,hmorot1v@studiopress.com
69,Zia,Beeching,Female,10/23/2002,3743,zbeeching1w@zimbio.com
70,Gilly,Klasing,Female,3/31/1980,808,gklasing1x@constantcontact.com
71,Agretha,Marzelli,Female,10/9/1962,2554,amarzelli1y@nifty.com
72,Myles,Dearman,Male,2/25/1962,4298,mdearman1z@shutterfly.com
73,Annissa,Bater,Female,2/26/1966,4379,abater20@msn.com
74,Austin,Ellaman,Female,1/16/2001,798,aellaman21@mit.edu
75,Cord,Jirka,Male,6/28/1960,759,cjirka22@dell.com
76,Walliw,Waison,Female,9/14/1979,1364,wwaison23@skype.com
77,Gisele,Cregan,Female,1/1/1993,1354,gcregan24@hc360.com
78,Langston,Brissenden,Male,10/23/1988,3790,lbrissenden25@japanpost.jp
79,Martin,Summerskill,Male,10/27/1997,1329,msummerskill26@mediafire.com
80,Winnie,Wolffers,Male,7/20/1990,750,wwolffers27@addtoany.com
81,Marshall,Murford,Male,6/14/1988,75,mmurford28@myspace.com
82,Duffie,Arney,Male,3/17/2002,3116,darney29@sbwire.com
83,Andras,Aughton,Male,12/25/1971,206,aaughton2a@indiatimes.com
84,Baxter,Leftley,Male,1/26/1998,3682,bleftley2b@wix.com
85,Igor,Waistall,Male,6/25/1963,4185,iwaistall2c@histats.com
86,Tuesday,Grewer,Female,6/19/1998,314,tgrewer2d@salon.com
87,Sandra,Swanbourne,Female,2/4/1997,4008,sswanbourne2e@columbia.edu
88,Clevey,Odgers,Male,10/19/1991,2612,codgers2f@vk.com
89,Aloin,Brightman,Male,7/4/2001,2172,abrightman2g@blog.com
90,Sande,Bidewell,Female,6/13/1974,2800,sbidewell2h@yahoo.com
91,Phoebe,Cuddihy,Female,3/25/1989,3718,pcuddihy2i@google.com.br
92,Britt,Waycot,Male,6/30/1986,1785,bwaycot2j@mtv.com
93,Emerson,Jaan,Male,12/30/1989,4591,ejaan2k@pen.io
94,Gabbie,Merlin,Male,7/18/1962,1484,gmerlin2l@php.net
95,Eddy,D'eye,Male,11/20/1997,4023,edeye2m@latimes.com
96,Noby,Conduit,Male,7/13/1971,4088,nconduit2n@hhs.gov
97,Susie,Older,Female,2/21/1992,1127,solder2o@ebay.co.uk
98,Kala,Leathem,Female,9/17/1988,1360,kleathem2p@europa.eu
99,Georgie,Eton,Female,4/10/1993,1055,geton2q@bbc.co.uk
100,Tillie,Mougeot,Female,11/4/1996,675,tmougeot2r@goodreads.com
101,Blair,Face,Male,3/13/1963,1850,bface2s@foxnews.com
102,Julissa,Pendered,Female,3/30/1993,3387,jpendered2t@google.fr
103,Sherri,Pfaffe,Female,10/24/1999,4615,spfaffe2u@cocolog-nifty.com
104,Clementia,Arndt,Female,3/2/1961,4376,carndt2v@mail.ru
105,Shep,Key,Male,7/13/1974,188,skey2w@hatena.ne.jp
106,Theo,Leftly,Male,2/5/1992,315,tleftly2x@unblog.fr
107,Katina,Marples,Female,1/5/1999,3132,kmarples2y@vistaprint.com
108,Morty,Bowkett,Male,11/13/2002,1948,mbowkett2z@phoca.cz
109,Dodie,Duckinfield,Female,12/10/1989,401,dduckinfield30@photobucket.com
110,Carolann,Bragginton,Female,9/7/1998,1095,cbragginton31@lulu.com
111,Carlyn,Burdas,Female,9/21/2003,1176,cburdas32@noaa.gov
112,Ruttger,Constable,Male,3/12/1976,558,rconstable33@altervista.org
113,Baldwin,Wellings,Male,10/31/1989,3239,bwellings34@si.edu
114,Ginny,Whightman,Female,9/24/1978,668,gwhightman35@earthlink.net
115,Deb,Basili,Female,7/8/1991,9,dbasili36@hugedomains.com
116,Carree,Shaylor,Female,5/17/1970,3580,cshaylor37@archive.org
117,Claudian,Hassard,Male,2/18/2005,160,chassard38@last.fm
118,Antonin,Brasted,Male,1/11/2000,3426,abrasted39@uol.com.br
119,Chadwick,Hoston,Male,2/13/1978,4841,choston3a@bbb.org
120,Fidel,Kassel,Male,1/16/1967,4767,fkassel3b@gov.uk
121,Essa,Norrey,Female,2/26/2000,2078,enorrey3c@vistaprint.com
122,Caria,Micallef,Female,7/18/1999,4812,cmicallef3d@mapy.cz
123,Jule,Turmel,Male,11/17/1984,2212,jturmel3e@yellowbook.com
124,Lindsay,Jandourek,Female,1/27/1990,2866,ljandourek3f@cnbc.com
125,Feliza,Maplesden,Female,7/10/1967,3080,fmaplesden3g@hao123.com
126,Delano,Trobey,Male,11/4/1976,819,dtrobey3h@sohu.com
127,Millicent,Hicks,Female,12/9/1969,3204,mhicks3i@posterous.com
128,Elizabet,Lathwell,Female,12/5/1972,511,elathwell3j@xing.com
129,Bonny,Wardall,Female,6/4/1965,1903,bwardall3k@eepurl.com
130,Gary,Kloser,Male,3/31/1973,4905,gkloser3l@amazon.co.jp
131,Louisette,Lehr,Female,4/30/1995,2087,llehr3m@nps.gov
132,Brok,Imbrey,Male,5/4/1976,2613,bimbrey3n@yellowbook.com
133,Mic,Tomasoni,Male,1/15/1989,4467,mtomasoni3o@sitemeter.com
134,Delano,Navarre,Male,1/7/1968,3474,dnavarre3p@tamu.edu
135,Sigismondo,Valentine,Male,7/5/1984,2902,svalentine3q@hexun.com
136,Analise,Peachey,Female,12/26/1981,74,apeachey3r@japanpost.jp
137,Thorin,Brazer,Male,12/8/1980,1958,tbrazer3s@sbwire.com
138,Dante,Morffew,Male,12/21/2001,2773,dmorffew3t@people.com.cn
139,Chevy,Eytel,Male,2/8/1993,1486,ceytel3u@delicious.com
140,Filmer,Alwin,Male,2/14/1988,3527,falwin3v@bigcartel.com
141,Timmy,Dufore,Male,11/16/1984,4971,tdufore3w@paypal.com
142,Evelin,Titley,Male,9/20/1969,2824,etitley3x@wix.com
143,Nat,Giorgeschi,Female,10/20/2002,2548,ngiorgeschi3y@pinterest.com
144,Nevsa,Shilvock,Female,7/8/1964,1479,nshilvock3z@webnode.com
145,Ferrel,Bortolini,Male,12/16/1986,2424,fbortolini40@marriott.com
146,Rainer,Jagielski,Male,6/22/2003,2622,rjagielski41@shutterfly.com
147,Latia,McLanaghan,Female,6/27/1987,2905,lmclanaghan42@woothemes.com
148,Dmitri,Shoveller,Male,10/27/1996,3116,dshoveller43@google.co.uk
149,Deena,Capoun,Female,4/7/1974,1664,dcapoun44@wisc.edu
150,Tobe,Grzelak,Female,2/12/1982,2399,tgrzelak45@hao123.com
151,Kira,Andrichak,Female,12/8/1995,2982,kandrichak46@europa.eu
152,Reynold,Bath,Male,10/11/1997,3158,rbath47@moonfruit.com
153,Dew,Zannotti,Male,7/12/1990,51,dzannotti48@furl.net
154,Hyacinth,Stoving,Female,6/20/2000,2732,hstoving49@dell.com
155,Lothario,Holtum,Male,7/13/1985,4539,lholtum4a@imdb.com
156,Shaun,Moral,Male,9/15/1976,217,smoral4b@dot.gov
157,Coriss,Halhead,Female,9/17/1990,3883,chalhead4c@printfriendly.com
158,Birgitta,Lancett,Female,12/6/1986,3122,blancett4d@hp.com
159,Corine,Poxton,Female,2/12/1995,4541,cpoxton4e@discuz.net
160,Marchall,Edgler,Male,3/14/1972,1072,medgler4f@ucoz.com
161,Geoff,Dufaur,Male,3/13/1972,3958,gdufaur4g@google.ru
162,Ira,Strotone,Male,4/5/1975,610,istrotone4h@mozilla.com
163,Tyson,Vlasin,Male,8/9/1978,3973,tvlasin4i@shop-pro.jp
164,Sunshine,Olford,Female,12/7/1988,2414,solford4j@amazon.com
165,Elsy,Merida,Female,2/17/1983,3406,emerida4k@ning.com
166,Vitia,Tombling,Female,4/19/1975,1892,vtombling4l@alibaba.com
167,Kali,Kimpton,Female,1/24/1984,1443,kkimpton4m@usatoday.com
168,Johan,Pearmain,Male,8/8/1985,2625,jpearmain4n@google.com
169,Bayard,Cliffe,Male,3/11/2000,1858,bcliffe4o@odnoklassniki.ru
170,Norbie,Deaville,Male,6/5/1975,3381,ndeaville4p@redcross.org
171,Dov,Petters,Male,6/19/1991,2982,dpetters4q@moonfruit.com
172,Obidiah,Birkby,Male,6/27/1987,453,obirkby4r@icio.us
173,Mira,Keson,Female,8/15/1965,4345,mkeson4s@devhub.com
174,Kiel,Drowsfield,Male,10/29/1996,4869,kdrowsfield4t@blog.com
175,Ulberto,Ackhurst,Male,7/13/1976,504,uackhurst4u@mozilla.com
176,Pammie,Iorio,Female,5/26/1974,4471,piorio4v@springer.com
177,Abbott,Rudolfer,Male,9/15/1966,3812,arudolfer4w@scribd.com
178,Humberto,Gate,Male,5/29/1967,4442,hgate4x@ft.com
179,Isabeau,Lissenden,Female,4/25/1989,4907,ilissenden4y@amazon.co.jp
180,Terrell,Goddard,Male,7/20/1997,1477,tgoddard4z@flickr.com
181,Nelli,Chick,Female,3/30/1990,2061,nchick50@youku.com
182,Faber,Kinder,Male,5/8/1967,1757,fkinder51@bizjournals.com
183,Shannon,Littlefield,Male,1/9/1992,1087,slittlefield52@lycos.com
184,Leanora,Kingston,Female,3/7/1992,1444,lkingston53@washingtonpost.com
185,Marne,Boxe,Female,11/8/1978,2816,mboxe54@ebay.co.uk
186,Shannen,Moyer,Female,3/5/1965,378,smoyer55@un.org
187,Shurlocke,Crayker,Male,3/3/1965,2947,scrayker56@sakura.ne.jp
188,Kacey,Brumble,Female,6/2/1977,3283,kbrumble57@4shared.com
189,Willow,Trosdall,Female,9/14/1966,4369,wtrosdall58@ezinearticles.com
190,Gerald,Drowsfield,Male,12/22/1970,931,gdrowsfield59@weather.com
191,Matthus,Flewan,Male,4/20/1973,239,mflewan5a@angelfire.com
192,Muffin,Kellick,Male,5/26/1976,2286,mkellick5b@mlb.com
193,Jenn,Gibbings,Female,1/13/1962,301,jgibbings5c@thetimes.co.uk
194,Elie,Clemett,Female,12/4/1971,2837,eclemett5d@cyberchimps.com
195,Giacobo,Rodolico,Male,5/30/1987,195,grodolico5e@prnewswire.com
196,Ogdon,Chadderton,Male,4/24/1985,191,ochadderton5f@cdc.gov
197,Fidole,Rowaszkiewicz,Male,10/2/1985,2747,frowaszkiewicz5g@naver.com
198,Del,Blaiklock,Male,7/23/1996,1309,dblaiklock5h@cnet.com
199,Basia,Ploughwright,Female,7/9/1992,1712,bploughwright5i@sohu.com
200,Jeannine,Philips,Female,2/8/1965,995,jphilips5j@joomla.org
201,Ania,Rulf,Female,11/7/2004,3839,arulf5k@amazon.de
202,Far,Danshin,Male,7/13/1969,1041,fdanshin5l@xing.com
203,Caz,Adamides,Male,6/25/1996,747,cadamides5m@gnu.org
204,Prinz,Boden,Male,2/14/1997,1109,pboden5n@usnews.com
205,Nathan,McGiffin,Male,2/26/1978,3427,nmcgiffin5o@ed.gov
206,Quentin,Burne,Female,12/8/1976,2358,qburne5p@123-reg.co.uk
207,Clare,Spurgin,Male,10/25/1988,4547,cspurgin5q@narod.ru
208,Abbey,Bleasdale,Female,6/1/1978,1105,ableasdale5r@bing.com
209,Euell,Koppen,Male,4/10/1987,2439,ekoppen5s@economist.com
210,Bald,Cherryman,Male,4/3/1961,1935,bcherryman5t@wordpress.org
211,Fee,Pioch,Male,1/20/1972,2319,fpioch5u@army.mil
212,Lyssa,Strettle,Female,8/27/1973,3345,lstrettle5v@dailymail.co.uk
213,Kristal,Dominetti,Female,1/27/1962,1527,kdominetti5w@cmu.edu
214,Jakob,Schiersch,Male,6/9/1972,256,jschiersch5x@mashable.com
215,Si,McCullouch,Male,5/23/1963,1188,smccullouch5y@ucoz.ru
216,Kennett,Trenaman,Male,7/30/1980,1519,ktrenaman5z@ucla.edu
217,Bald,Brou,Male,5/13/1996,3135,bbrou60@google.com.au
218,Abelard,Pilpovic,Male,1/24/2005,3519,apilpovic61@mayoclinic.com
219,Chaim,Burbury,Male,1/2/1961,824,cburbury62@csmonitor.com
220,Willow,Conkey,Female,2/8/1973,565,wconkey63@hexun.com
221,Hadleigh,Omond,Male,11/19/1982,1176,homond64@ed.gov
222,Perri,Aizik,Female,9/17/1970,2357,paizik65@php.net
223,Ragnar,Whacket,Male,5/31/1986,4010,rwhacket66@xrea.com
224,Daisi,Thurby,Female,4/16/1994,3346,dthurby67@amazonaws.com
225,Kain,Tramel,Male,4/24/2004,2578,ktramel68@com.com
226,Orland,Karlicek,Male,10/24/1968,2587,okarlicek69@wikipedia.org
227,Alan,Burnell,Male,6/24/1991,547,aburnell6a@kickstarter.com
228,Alverta,Gaines,Female,2/27/1992,2626,againes6b@stumbleupon.com
229,Welby,Birdwhistle,Male,5/15/1978,1092,wbirdwhistle6c@wikia.com
230,Moise,Abrahim,Male,4/6/1968,3859,mabrahim6d@fda.gov
231,Anissa,Coaker,Female,11/10/1975,2817,acoaker6e@blogspot.com
232,Archy,Dunan,Male,4/15/1986,4026,adunan6f@issuu.com
233,Archibald,Winham,Male,11/4/1982,2228,awinham6g@newyorker.com
234,Amelita,Winch,Female,7/23/2001,1484,awinch6h@xing.com
235,Shepherd,Feasey,Male,7/23/1975,3264,sfeasey6i@jugem.jp
236,Ulrick,Asquez,Male,5/23/1990,3410,uasquez6j@nature.com
237,Angelique,Halpin,Female,7/25/1994,1821,ahalpin6k@cnet.com
238,Halette,Durand,Female,7/23/1991,1765,hdurand6l@epa.gov
239,Jennilee,Domenichelli,Female,4/24/2000,780,jdomenichelli6m@de.vu
240,Merle,Teggart,Male,1/27/1966,3305,mteggart6n@tiny.cc
241,Hew,Vevers,Male,3/17/1990,3660,hvevers6o@topsy.com
242,Phylys,McGuinley,Female,3/4/1970,2414,pmcguinley6p@qq.com
243,Bengt,Kells,Male,4/27/1988,4486,bkells6q@macromedia.com
244,Reggie,Cray,Male,6/27/1973,2230,rcray6r@telegraph.co.uk
245,Drusie,Graffham,Female,7/14/1971,1119,dgraffham6s@princeton.edu
246,Freddy,Wooler,Male,9/3/1994,3534,fwooler6t@earthlink.net
247,Christoper,Kitchenham,Male,11/12/1966,10,ckitchenham6u@virginia.edu
248,Antonella,Pere,Female,9/12/2001,4481,apere6v@pinterest.com
249,Helena,Melato,Female,12/11/1979,3155,hmelato6w@livejournal.com
250,Tonya,Rowe,Female,1/2/1979,2292,trowe6x@google.es
251,Ula,Bottrell,Female,9/20/1993,2628,ubottrell6y@histats.com
252,Ainsley,Conwell,Female,7/16/1980,2432,aconwell6z@mapquest.com
253,Clay,Otto,Male,8/14/1979,28,cotto70@ed.gov
254,Clare,Pagden,Female,11/28/2002,516,cpagden71@mlb.com
255,Ximenez,Culpan,Male,7/19/1997,1436,xculpan72@ehow.com
256,Libbey,Downham,Female,8/18/1965,376,ldownham73@hatena.ne.jp
257,Ericka,Jevons,Female,8/17/2001,4598,ejevons74@woothemes.com
258,Rhoda,Weems,Female,9/24/1993,1620,rweems75@npr.org
259,Emma,Siddall,Female,8/27/1966,2231,esiddall76@angelfire.com
260,Parker,Singleton,Male,12/23/2000,2699,psingleton77@google.com
261,Hedvig,Caston,Female,4/3/1974,4796,hcaston78@gmpg.org
262,Henryetta,Carthew,Female,4/24/1976,841,hcarthew79@dailymail.co.uk
263,Kaye,Kinny,Female,11/18/1989,1129,kkinny7a@latimes.com
264,Zoe,Durtnall,Female,4/15/1967,3349,zdurtnall7b@hexun.com
265,Betti,Seymer,Female,3/31/1988,2686,bseymer7c@sciencedirect.com
266,Cele,Gleadhall,Female,10/20/1968,4733,cgleadhall7d@liveinternet.ru
267,Richard,Kivelhan,Male,3/7/1973,4157,rkivelhan7e@ehow.com
268,Casper,Morlon,Male,9/21/1973,33,cmorlon7f@slate.com
269,Kevina,Perassi,Female,4/9/1967,3013,kperassi7g@desdev.cn
270,Gertrud,Perrat,Female,1/31/1968,3979,gperrat7h@arizona.edu
271,Devy,Halifax,Male,1/7/1989,3722,dhalifax7i@skype.com
272,Naoma,Mapples,Female,8/14/1962,3893,nmapples7j@japanpost.jp
273,Verile,Garnson,Female,3/18/1979,2883,vgarnson7k@wisc.edu
274,Sherye,Stoke,Female,7/13/1966,4212,sstoke7l@wsj.com
275,Lyndsie,Cato,Female,7/19/1977,833,lcato7m@illinois.edu
276,Alastair,Nisot,Male,9/25/1998,1483,anisot7n@wikispaces.com
277,Hali,Isham,Female,11/23/1996,1797,hisham7o@blog.com
278,Bailey,Prozescky,Male,2/14/1968,3020,bprozescky7p@loc.gov
279,Bertie,Sedgeworth,Female,3/9/1990,4176,bsedgeworth7q@tinyurl.com
280,Zahara,Beeden,Female,1/26/1969,2798,zbeeden7r@google.de
281,Elsey,Kerswell,Female,11/24/2001,1565,ekerswell7s@redcross.org
282,Cyril,Daintith,Male,2/11/1982,1582,cdaintith7t@howstuffworks.com
283,Jesse,Rigden,Female,6/27/1968,3715,jrigden7u@imgur.com
284,Abner,Howgate,Male,8/17/1992,4298,ahowgate7v@bloglovin.com
285,Killian,Ocheltree,Male,2/28/1973,1170,kocheltree7w@technorati.com
286,Ruddy,Arrighetti,Male,1/22/1976,445,rarrighetti7x@blogtalkradio.com
287,Ingelbert,Moffat,Male,8/23/1984,1766,imoffat7y@apple.com
288,Darby,Kensley,Male,3/19/1975,1707,dkensley7z@whitehouse.gov
289,Tallulah,Mouncher,Female,5/22/1997,4446,tmouncher80@deliciousdays.com
290,Luce,Kefford,Female,7/14/1974,4365,lkefford81@huffingtonpost.com
291,Demetria,Garlette,Female,10/23/2003,411,dgarlette82@storify.com
292,Britney,Mc Grath,Female,12/12/1985,3492,bmcgrath83@hud.gov
293,Gardy,Glyssanne,Male,3/8/1977,4980,gglyssanne84@imdb.com
294,Errol,Tregea,Male,7/4/1982,1410,etregea85@techcrunch.com
295,Jillana,Lowten,Female,7/16/1999,1823,jlowten86@icio.us
296,Merridie,Dincey,Female,1/2/1984,2722,mdincey87@quantcast.com
297,Hewe,Lyall,Male,10/1/1966,3387,hlyall88@miibeian.gov.cn
298,Oates,Deverill,Male,10/29/1977,4766,odeverill89@timesonline.co.uk
299,Mischa,Cronshaw,Male,8/21/1980,696,mcronshaw8a@redcross.org
300,Hali,Scrase,Female,1/13/1962,414,hscrase8b@mysql.com
301,Codie,Seagar,Female,9/22/1981,4968,cseagar8c@amazon.com
302,Nicki,Phifer,Female,2/26/1995,3343,nphifer8d@behance.net
303,Heidi,Goning,Female,7/11/1971,1572,hgoning8e@google.fr
304,Tammi,Pigny,Female,9/8/1988,96,tpigny8f@slashdot.org
305,Ruby,Leaney,Female,5/30/1982,3694,rleaney8g@friendfeed.com
306,Loralee,Jahan,Female,9/2/1961,2421,ljahan8h@wsj.com
307,Dodi,McJerrow,Female,1/19/1969,2633,dmcjerrow8i@yellowbook.com
308,Vassili,Harriman,Male,8/25/2001,3791,vharriman8j@networksolutions.com
309,Reinold,Frostdicke,Male,1/28/1993,2995,rfrostdicke8k@eepurl.com
310,Jobye,Clench,Female,9/18/1993,318,jclench8l@comsenz.com
311,Eberhard,Zaczek,Male,8/6/1969,4585,ezaczek8m@twitpic.com
312,Chip,Chesters,Male,8/10/1990,4040,cchesters8n@livejournal.com
313,Gabbie,Kean,Female,3/12/2000,1134,gkean8o@wired.com
314,Domini,Tenbrug,Female,10/10/1982,2870,dtenbrug8p@intel.com
315,Gabriel,Halkyard,Male,2/26/2005,2901,ghalkyard8q@symantec.com
316,Truda,Kolakovic,Female,1/11/1971,2973,tkolakovic8r@feedburner.com
317,Mahalia,Thurlbourne,Female,12/19/1961,452,mthurlbourne8s@google.it
318,Ingrim,Craddock,Male,3/19/1969,4971,icraddock8t@uiuc.edu
319,Othelia,Grasser,Female,8/15/1981,4879,ograsser8u@yandex.ru
320,Ottilie,Manterfield,Female,9/6/1965,4719,omanterfield8v@irs.gov
321,Panchito,Le Surf,Male,12/6/1982,4297,plesurf8w@columbia.edu
322,Julianna,Swyer-Sexey,Female,3/21/1987,3030,jswyersexey8x@sourceforge.net
323,Noel,O'Gleasane,Male,9/4/1990,3450,nogleasane8y@dion.ne.jp
324,Gae,Broschke,Female,9/22/1995,3652,gbroschke8z@163.com
325,Pierette,Roglieri,Female,10/15/1967,573,proglieri90@wix.com
326,Anatola,Lillegard,Female,1/17/1999,4219,alillegard91@infoseek.co.jp
327,Margalit,Pratte,Female,2/15/1968,2327,mpratte92@infoseek.co.jp
328,Christophorus,Clooney,Male,12/25/2001,3641,cclooney93@timesonline.co.uk
329,Dougie,Dawkins,Male,7/2/1985,1534,ddawkins94@issuu.com
330,Ned,Dignum,Male,10/28/1985,1151,ndignum95@state.tx.us
331,Sean,Korpolak,Male,12/11/1986,600,skorpolak96@jugem.jp
332,Diego,LeEstut,Male,12/12/2004,3518,dleestut97@zimbio.com
333,Camilla,Bester,Female,3/27/1987,4056,cbester98@adobe.com
334,Giselbert,Swinbourne,Male,12/8/1980,4427,gswinbourne99@surveymonkey.com
335,Anabel,Aldcorn,Female,8/12/1970,1728,aaldcorn9a@apache.org
336,Had,Batram,Male,2/1/2003,4995,hbatram9b@hp.com
337,Darryl,Gennrich,Male,1/20/1965,77,dgennrich9c@rakuten.co.jp
338,Cristine,Wilshere,Female,2/13/1963,312,cwilshere9d@walmart.com
339,Mahalia,Lintot,Female,4/7/1975,1813,mlintot9e@jimdo.com
340,Clementina,Trigg,Female,7/27/1989,1246,ctrigg9f@mit.edu
341,Felipa,Blyden,Female,4/8/1962,4476,fblyden9g@nymag.com
342,Herve,Redan,Male,5/17/1978,2117,hredan9h@desdev.cn
343,Shandeigh,Adolthine,Female,2/23/1998,3635,sadolthine9i@bbc.co.uk
344,Minnie,Turgoose,Female,12/11/1976,2828,mturgoose9j@ucla.edu
345,Kayle,Hatfield,Female,2/23/1977,4485,khatfield9k@bloomberg.com
346,Ronica,Gauford,Female,12/11/1964,1306,rgauford9l@hud.gov
347,Marlene,Mellmer,Female,11/27/1962,1451,mmellmer9m@elpais.com
348,Bjorn,Boreham,Male,8/26/1982,4034,bboreham9n@gov.uk
349,Lissi,Dayley,Female,2/4/1996,4821,ldayley9o@xinhuanet.com
350,Essie,Gremane,Female,5/14/1985,34,egremane9p@cbslocal.com
351,Emogene,Westmerland,Female,10/31/1987,1704,ewestmerland9q@amazonaws.com
352,Sholom,Kidney,Male,1/24/1972,1612,skidney9r@chronoengine.com
353,Jerrine,Shellcross,Female,2/16/1996,3765,jshellcross9s@timesonline.co.uk
354,Roana,Santen,Female,6/2/1998,1417,rsanten9t@unicef.org
355,Broddy,Tench,Male,8/30/1985,2982,btench9u@altervista.org
356,Lazarus,Schwerin,Male,6/30/1962,1020,lschwerin9v@cnbc.com
357,Sylvester,Meiner,Male,4/12/1999,4510,smeiner9w@tinyurl.com
358,Packston,Cowp,Male,3/20/1991,4778,pcowp9x@privacy.gov.au
359,Kasey,Edrich,Female,9/1/1986,1768,kedrich9y@archive.org
360,Jody,Goghin,Male,10/15/1961,3432,jgoghin9z@tinypic.com
361,Gun,Westgate,Male,5/13/2002,4896,gwestgatea0@instagram.com
362,Andris,Thackham,Male,2/8/1995,2871,athackhama1@imdb.com
363,Cam,Wedderburn,Female,8/2/1986,833,cwedderburna2@toplist.cz
364,Sari,Furlong,Female,10/20/1969,248,sfurlonga3@discuz.net
365,Pace,Tomeo,Male,6/1/1984,3843,ptomeoa4@nsw.gov.au
366,Hyacinthe,Baber,Female,5/9/1989,4052,hbabera5@dyndns.org
367,Tanney,Itzkovwich,Male,6/10/1963,4307,titzkovwicha6@google.com.au
368,Hashim,Morland,Male,1/19/1975,3506,hmorlanda7@canalblog.com
369,Zack,Stare,Male,11/10/2000,947,zstarea8@walmart.com
370,Harlen,Collimore,Male,4/17/1987,3452,hcollimorea9@oaic.gov.au
371,Anna-diane,Brewerton,Female,12/4/1996,948,abrewertonaa@sina.com.cn
372,Cheslie,Grendon,Female,5/9/1976,58,cgrendonab@nydailynews.com
373,Cristi,Muston,Female,11/29/1965,2688,cmustonac@blinklist.com
374,Trueman,Cockayne,Male,12/5/1983,818,tcockaynead@edublogs.org
375,Ula,Osgardby,Female,11/15/2001,3828,uosgardbyae@baidu.com
376,Natal,Oliff,Male,6/3/1994,864,noliffaf@so-net.ne.jp
377,Odille,Blaxland,Female,8/29/1982,4638,oblaxlandag@nasa.gov
378,Trumaine,Reynalds,Male,7/7/1970,4750,treynaldsah@tinyurl.com
379,Eveline,Sibbs,Female,11/1/2004,4359,esibbsai@unc.edu
380,Debby,Coggan,Female,9/12/1966,2629,dcogganaj@aol.com
381,Crystie,Trenholm,Female,6/3/1971,2919,ctrenholmak@vimeo.com
382,Hettie,Howieson,Female,2/10/1981,2652,hhowiesonal@twitpic.com
383,Yurik,Steinhammer,Male,3/13/1992,3042,ysteinhammeram@symantec.com
384,Ernest,Colquhoun,Male,12/21/1988,1949,ecolquhounan@kickstarter.com
385,Nickey,Comben,Male,5/13/2001,583,ncombenao@bravesites.com
386,Merill,Pirie,Male,10/20/2000,4056,mpirieap@dion.ne.jp
387,Benjamen,Lever,Male,4/12/1961,3280,bleveraq@bbb.org
388,Aldin,Golda,Male,7/24/1971,2892,agoldaar@ftc.gov
389,Basile,Stopps,Male,1/2/1964,1564,bstoppsas@telegraph.co.uk
390,Patricia,Claremont,Female,1/11/1987,495,pclaremontat@unesco.org
391,Cassie,Whether,Female,8/7/1980,4969,cwhetherau@w3.org
392,Annmaria,Heinrici,Female,4/25/1999,4657,aheinriciav@nih.gov
393,Garland,Blogg,Female,6/5/1978,4381,gbloggaw@themeforest.net
394,Wendye,Lubman,Female,7/13/1962,673,wlubmanax@hatena.ne.jp
395,Isabelita,Giuroni,Female,7/29/1962,4374,igiuroniay@elegantthemes.com
396,Darbee,Gimeno,Male,9/29/1994,1331,dgimenoaz@whitehouse.gov
397,Esther,Dilon,Female,3/15/2004,2794,edilonb0@paypal.com
398,Isidore,Matura,Male,6/16/1978,4726,imaturab1@smugmug.com
399,Chad,Haime,Male,2/3/2001,864,chaimeb2@joomla.org
400,Adena,Sheffield,Female,9/25/1989,2904,asheffieldb3@t.co
401,Rollin,Schutte,Male,3/6/1962,441,rschutteb4@comcast.net
402,Carolynn,Binch,Female,7/13/1995,37,cbinchb5@ovh.net
403,Chicky,Vahey,Female,1/27/1984,465,cvaheyb6@google.com
404,Clementina,Ryle,Female,10/4/1965,3947,cryleb7@ed.gov
405,Anastasia,Restall,Female,7/10/2000,4705,arestallb8@networkadvertising.org
406,Iona,Blackater,Female,6/7/1975,4269,iblackaterb9@npr.org
407,Gerardo,Yankin,Male,7/27/1977,4435,gyankinba@amazon.com
408,Hyacinth,Gourdon,Female,3/22/2004,4774,hgourdonbb@taobao.com
409,Avivah,Noriega,Female,5/28/1968,3276,anoriegabc@shutterfly.com
410,Thornie,Paiton,Male,3/1/1992,3904,tpaitonbd@trellian.com
411,Shanna,Leedal,Female,4/12/1977,4617,sleedalbe@sun.com
412,Barrie,Brown,Female,7/25/1968,1653,bbrownbf@skype.com
413,Xymenes,O'Heffernan,Male,12/31/1975,2902,xoheffernanbg@nyu.edu
414,Jacques,Vala,Male,1/15/1976,319,jvalabh@aboutads.info
415,Jaye,Venneur,Male,2/7/1987,2873,jvenneurbi@posterous.com
416,Wilone,Askwith,Female,5/7/1984,3291,waskwithbj@studiopress.com
417,Stillmann,Raggitt,Male,7/10/1977,3828,sraggittbk@ft.com
418,Winny,Skerme,Male,12/8/1971,4070,wskermebl@bravesites.com
419,Chev,Babe,Male,8/12/1996,2300,cbabebm@time.com
420,Janene,Dimitrov,Female,7/26/1993,3631,jdimitrovbn@twitpic.com
421,Mercy,Ilyinykh,Female,3/24/1973,4171,milyinykhbo@businesswire.com
422,Blithe,Wilce,Female,5/31/1990,462,bwilcebp@netlog.com
423,Doloritas,Porcas,Female,4/21/1968,1568,dporcasbq@epa.gov
424,Stacie,Aulsford,Female,3/30/1964,767,saulsfordbr@amazon.co.uk
425,Roxine,Tandy,Female,5/28/2000,223,rtandybs@qq.com
426,Celestia,Curwood,Female,5/31/1960,4154,ccurwoodbt@cdbaby.com
427,Gianna,McGuffog,Female,6/11/1971,4206,gmcguffogbu@free.fr
428,Fania,Till,Female,2/3/1967,97,ftillbv@princeton.edu
429,Derk,Hayne,Male,11/22/1977,4418,dhaynebw@jimdo.com
430,Karen,Favill,Female,1/26/1978,317,kfavillbx@fotki.com
431,Blisse,Sacase,Female,9/14/1966,2588,bsacaseby@4shared.com
432,Benoit,Spieght,Male,1/18/1966,3966,bspieghtbz@google.nl
433,Druci,Blaney,Female,11/19/1998,4082,dblaneyc0@chicagotribune.com
434,Shandy,Feltham,Female,9/27/1992,3211,sfelthamc1@house.gov
435,Rubin,Tessier,Male,10/20/1977,1188,rtessierc2@istockphoto.com
436,Tallie,Croad,Female,6/27/1976,2970,tcroadc3@umn.edu
437,Morry,Dabes,Male,1/19/1997,2048,mdabesc4@salon.com
438,Lizzie,Biggen,Female,8/24/1999,3572,lbiggenc5@amazon.com
439,Tracy,Grunnell,Female,5/23/1970,1777,tgrunnellc6@trellian.com
440,Katine,Shortall,Female,3/19/2002,502,kshortallc7@amazon.co.uk
441,Annamarie,Garaway,Female,1/8/1988,2096,agarawayc8@walmart.com
442,Annice,Hintze,Female,5/4/1999,1244,ahintzec9@scribd.com
443,Wilden,Anthoine,Male,11/12/1969,1747,wanthoineca@wp.com
444,Cherie,Dagworthy,Female,12/4/2003,764,cdagworthycb@utexas.edu
445,Broderic,Klimashevich,Male,12/5/1986,3996,bklimashevichcc@hud.gov
446,Cyrill,Harvie,Male,9/4/1961,3970,charviecd@time.com
447,Tova,Roycroft,Female,12/3/1997,4633,troycroftce@microsoft.com
448,Kelly,Brettoner,Male,11/24/2004,2334,kbrettonercf@abc.net.au
449,Carlota,Jakuszewski,Female,9/14/2002,103,cjakuszewskicg@cam.ac.uk
450,Emmaline,Boultwood,Female,2/7/1981,3464,eboultwoodch@hhs.gov
451,Yul,Warfield,Male,11/1/1966,4596,ywarfieldci@simplemachines.org
452,Clement,Blenkinship,Male,6/4/1976,3250,cblenkinshipcj@whitehouse.gov
453,Curr,Eich,Male,11/2/1989,1808,ceichck@alexa.com
454,Jeri,Verlinde,Female,7/5/1995,575,jverlindecl@noaa.gov
455,Naoma,Glanvill,Female,4/18/1973,4052,nglanvillcm@sourceforge.net
456,Jeremias,Jelly,Male,1/10/1996,2316,jjellycn@hhs.gov
457,Marilin,Iannetti,Female,2/2/1970,2783,miannettico@xrea.com
458,Chadd,Petrasch,Male,6/12/1994,2166,cpetraschcp@ezinearticles.com
459,Artus,Fenna,Male,11/10/1964,1010,afennacq@ifeng.com
460,Myrle,Clayworth,Female,4/28/2003,2022,mclayworthcr@uiuc.edu
461,Adriane,Fox,Female,6/20/1980,4115,afoxcs@nba.com
462,Dunstan,Serris,Male,5/20/2000,1673,dserrisct@ibm.com
463,Neille,Goady,Female,2/11/1988,1169,ngoadycu@bizjournals.com
464,Pammy,Eastabrook,Female,8/31/1991,1204,peastabrookcv@drupal.org
465,Myrta,Snalom,Female,2/20/1974,2352,msnalomcw@parallels.com
466,Hyacinthia,Coyle,Female,7/10/1961,3205,hcoylecx@1und1.de
467,Jonathon,MacQueen,Male,10/14/1986,3942,jmacqueency@dot.gov
468,Natka,Zuppa,Female,10/9/1998,727,nzuppacz@xrea.com
469,Norman,Eger,Male,5/1/2000,4631,negerd0@reverbnation.com
470,Weidar,Fullman,Male,3/22/1992,360,wfullmand1@cnet.com
471,Maury,Curwen,Male,5/22/1964,739,mcurwend2@ebay.co.uk
472,Rafaela,McPhilip,Female,6/21/1980,3078,rmcphilipd3@princeton.edu
473,Lindi,Shepherdson,Female,10/27/1976,626,lshepherdsond4@spiegel.de
474,Enriqueta,Fortescue,Female,4/28/1971,317,efortescued5@hc360.com
475,Durward,Mapes,Male,5/18/1975,1275,dmapesd6@github.com
476,Daffy,Bynold,Female,4/14/1979,2531,dbynoldd7@dagondesign.com
477,Tallou,Dawltrey,Female,8/7/1979,1650,tdawltreyd8@tripod.com
478,Lucina,Teaz,Female,6/5/1981,841,lteazd9@barnesandnoble.com
479,Mavis,Dedon,Female,1/14/1984,448,mdedonda@ted.com
480,Harry,Markussen,Male,10/21/1972,632,hmarkussendb@mit.edu
481,Marcellina,Conningham,Female,3/5/1970,876,mconninghamdc@chicagotribune.com
482,Gina,Tofanelli,Female,10/4/1994,3345,gtofanellidd@weibo.com
483,Yasmeen,Beston,Female,6/9/1983,2739,ybestonde@rambler.ru
484,Darwin,Rowth,Male,3/5/1986,115,drowthdf@nytimes.com
485,Raimondo,Micklewicz,Male,12/11/1995,922,rmicklewiczdg@vkontakte.ru
486,Milli,Lloyds,Female,2/19/1999,78,mlloydsdh@soup.io
487,Corie,Yirrell,Female,5/15/1998,373,cyirrelldi@sitemeter.com
488,Charlie,Blucher,Male,3/2/1999,635,cblucherdj@eventbrite.com
489,Addison,Feragh,Male,11/28/1978,4622,aferaghdk@hc360.com
490,Nappy,Purdie,Male,5/30/2000,2189,npurdiedl@nationalgeographic.com
491,Hannie,Littleover,Female,3/11/1987,2419,hlittleoverdm@tumblr.com
492,Georgetta,Blowers,Female,1/20/1961,309,gblowersdn@wordpress.org
493,Garrard,Mont,Male,10/20/1980,4821,gmontdo@4shared.com
494,Leigh,Ludlem,Male,7/27/1978,2572,lludlemdp@usa.gov
495,Dominick,Klemke,Male,12/3/1993,2776,dklemkedq@tripod.com
496,Gilbertine,Scad,Female,8/26/1964,3933,gscaddr@yelp.com
497,Cathlene,Tracy,Female,3/18/1979,2045,ctracyds@weebly.com
498,Leupold,Sandlin,Male,1/17/1968,3585,lsandlindt@eepurl.com
499,Brandon,Petrishchev,Male,3/29/1973,1369,bpetrishchevdu@indiatimes.com
500,Feliza,Paddeley,Female,11/16/2000,2631,fpaddeleydv@geocities.jp
501,Fredia,Willmore,Female,9/17/2001,840,fwillmoredw@intel.com
502,Peg,Kennerknecht,Female,2/25/1968,3092,pkennerknechtdx@geocities.com
503,Davon,Bellringer,Male,12/21/2001,2269,dbellringerdy@soundcloud.com
504,Brit,Challen,Male,9/9/1992,21,bchallendz@ovh.net
505,Northrup,Gregs,Male,3/18/1977,822,ngregse0@smugmug.com
506,Lenard,Branston,Male,2/13/1975,4585,lbranstone1@msn.com
507,Nathaniel,Bickle,Male,9/9/1979,2891,nbicklee2@psu.edu
508,Merl,Beames,Female,11/28/1962,3618,mbeamese3@slideshare.net
509,Dianne,Dybbe,Female,12/10/1970,3929,ddybbee4@cnn.com
510,Humfried,Rushby,Male,11/25/1998,2764,hrushbye5@networkadvertising.org
511,Kienan,Dri,Male,1/19/1999,214,kdrie6@imdb.com
512,Sorcha,O'Hare,Female,1/20/1997,2795,soharee7@goo.gl
513,Skye,Oseman,Male,4/11/1976,1726,sosemane8@reference.com
514,Colet,Lovie,Male,5/8/1979,1672,cloviee9@dagondesign.com
515,Isidor,Caveney,Male,1/22/1964,868,icaveneyea@symantec.com
516,Rowan,Zelake,Male,1/13/1980,4958,rzelakeeb@ovh.net
517,Tabby,Arter,Male,3/27/1983,257,tarterec@exblog.jp
518,Krispin,Awton,Male,7/2/1993,704,kawtoned@godaddy.com
519,Vale,Jaszczak,Male,8/6/1971,913,vjaszczakee@webeden.co.uk
520,Catlee,Josilevich,Female,11/13/2000,1978,cjosilevichef@taobao.com
521,Sterne,Liley,Male,6/16/1995,3899,slileyeg@rakuten.co.jp
522,Ebeneser,Batterson,Male,12/1/1973,493,ebattersoneh@posterous.com
523,Prudi,Hallen,Female,7/11/2003,354,phallenei@sbwire.com
524,Vittoria,McRory,Female,6/12/1970,1841,vmcroryej@printfriendly.com
525,Kaylil,Martel,Female,1/3/1968,350,kmartelek@goodreads.com
526,Hope,Sutherns,Female,12/21/1983,2310,hsuthernsel@toplist.cz
527,Wang,Gallgher,Male,2/25/1966,3895,wgallgherem@hc360.com
528,Celisse,Daspar,Female,9/19/1965,314,cdasparen@google.fr
529,Travis,Chrestien,Male,1/20/1997,4918,tchrestieneo@prlog.org
530,Deeann,Faragher,Female,5/15/1965,3177,dfaragherep@ftc.gov
531,Lucy,Loftus,Female,3/3/1974,4806,lloftuseq@fastcompany.com
532,Janek,Zecchini,Male,9/26/1982,4964,jzecchinier@sogou.com
533,Dayna,Petrelluzzi,Female,4/27/1965,4978,dpetrelluzzies@rediff.com
534,Chauncey,Troak,Male,8/5/1973,2470,ctroaket@sitemeter.com
535,Care,Handrahan,Male,5/31/1968,314,chandrahaneu@addtoany.com
536,Adriano,Dayly,Male,4/25/2000,1135,adaylyev@cargocollective.com
537,Wandis,Tootin,Female,8/6/1976,1397,wtootinew@bloglovin.com
538,Goldarina,Tansey,Female,4/25/1998,687,gtanseyex@engadget.com
539,Boyce,O'Hengerty,Male,2/11/1974,763,bohengertyey@ustream.tv
540,Almeta,Rennolds,Female,7/13/2003,4203,arennoldsez@harvard.edu
541,Krystle,Keble,Female,5/16/1986,666,kkeblef0@dailymotion.com
542,Milissent,Chapelhow,Female,9/11/1970,3210,mchapelhowf1@tinyurl.com
543,Clayborn,Burgoine,Male,12/27/1977,497,cburgoinef2@furl.net
544,Essy,Kneeshaw,Female,3/17/2002,1778,ekneeshawf3@yellowpages.com
545,Kattie,Wooller,Female,4/20/1999,1946,kwoollerf4@hibu.com
546,Walliw,Heistermann,Female,10/13/1965,526,wheistermannf5@mtv.com
547,Amie,Pearcehouse,Female,12/25/1997,759,apearcehousef6@apache.org
548,Eddy,Shelf,Male,10/28/1965,3397,eshelff7@wired.com
549,Carry,Eirwin,Female,5/18/1968,1151,ceirwinf8@blog.com
550,Horton,Poyntz,Male,11/10/1970,942,hpoyntzf9@oaic.gov.au
551,Leshia,Ede,Female,10/11/1975,2878,ledefa@delicious.com
552,Katalin,Billett,Female,1/12/1969,4541,kbillettfb@posterous.com
553,Bernadette,Menendes,Female,6/30/1963,580,bmenendesfc@livejournal.com
554,Morris,Baccas,Male,6/12/1966,316,mbaccasfd@xing.com
555,Joey,McNamee,Male,4/16/1961,50,jmcnameefe@etsy.com
556,Hastie,Alleyne,Male,8/20/1996,3555,halleyneff@youtu.be
557,Elane,Swarbrick,Female,5/14/1989,2636,eswarbrickfg@istockphoto.com
558,Ase,Mingardi,Male,6/13/1969,663,amingardifh@naver.com
559,Darbie,Workes,Female,3/24/1966,4895,dworkesfi@who.int
560,Ardelle,Ryce,Female,4/6/1993,4053,arycefj@myspace.com
561,Abram,Bault,Male,9/12/1968,3639,abaultfk@google.ca
562,Shirlene,Reggio,Female,6/22/1979,2809,sreggiofl@blogger.com
563,Randene,Hunsworth,Female,2/3/1966,3908,rhunsworthfm@google.com.hk
564,Moira,Chalfant,Female,2/2/1973,3881,mchalfantfn@google.com.au
565,Boony,Ohanessian,Male,5/28/1991,2156,bohanessianfo@cam.ac.uk
566,Marsh,Illston,Male,8/6/1994,2854,millstonfp@si.edu
567,Whitney,Wyman,Male,10/27/2001,1516,wwymanfq@hugedomains.com
568,Anallise,Farherty,Female,10/28/1998,895,afarhertyfr@blog.com
569,Maurizio,Annies,Male,4/25/1978,1139,manniesfs@a8.net
570,Pearle,Whitehouse,Female,3/20/1999,474,pwhitehouseft@linkedin.com
571,Linette,Gowthorpe,Female,8/24/1977,151,lgowthorpefu@parallels.com
572,Sergeant,Gladdor,Male,11/25/1971,13,sgladdorfv@ebay.com
573,Mayne,Gert,Male,3/16/1996,2126,mgertfw@netlog.com
574,Keir,Rotherforth,Male,5/7/1974,510,krotherforthfx@cyberchimps.com
575,Delilah,Gilphillan,Female,7/31/1979,1373,dgilphillanfy@wikipedia.org
576,Ally,Pears,Female,6/24/1992,4580,apearsfz@earthlink.net
577,Enoch,Appleton,Male,2/17/1963,1215,eappletong0@sphinn.com
578,Eydie,Eddow,Female,1/25/1977,1846,eeddowg1@geocities.jp
579,Analise,Kornacki,Female,2/2/1975,4444,akornackig2@ustream.tv
580,Faunie,Dumbar,Female,9/25/1964,2555,fdumbarg3@smugmug.com
581,Wylie,Troker,Male,12/7/1969,3810,wtrokerg4@nymag.com
582,Barrie,Leathlay,Male,3/11/1979,371,bleathlayg5@examiner.com
583,Ingram,Lefeuvre,Male,12/11/1977,4186,ilefeuvreg6@toplist.cz
584,Ermanno,Mourant,Male,5/4/1975,2622,emourantg7@spiegel.de
585,Far,Flaunier,Male,2/7/1983,1450,fflaunierg8@kickstarter.com
586,Cyril,Choupin,Male,3/29/1987,3720,cchouping9@uol.com.br
587,Fionnula,Strover,Female,7/3/1979,3680,fstroverga@examiner.com
588,Julie,Lamba,Male,10/9/1975,3841,jlambagb@topsy.com
589,Sibylle,Newing,Female,2/2/1971,2656,snewinggc@japanpost.jp
590,Jeanie,Dotson,Female,8/10/2002,3131,jdotsongd@qq.com
591,Fons,Folder,Male,4/15/1991,3320,ffolderge@mozilla.com
592,Corbie,Rottcher,Male,7/13/1962,448,crottchergf@earthlink.net
593,Peter,Wharby,Male,1/16/2004,4579,pwharbygg@examiner.com
594,Pris,Pargiter,Female,1/23/2001,1027,ppargitergh@webnode.com
595,Garvin,Autin,Male,9/23/1991,252,gautingi@bluehost.com
596,Misha,Cottu,Female,8/19/1974,3549,mcottugj@yahoo.co.jp
597,Katha,Foxall,Female,12/15/1988,4296,kfoxallgk@walmart.com
598,Aristotle,Blonfield,Male,12/9/1993,2768,ablonfieldgl@feedburner.com
599,Brewster,Mollon,Male,9/1/1981,52,bmollongm@edublogs.org
600,Abe,Wild,Male,1/4/1982,1595,awildgn@yolasite.com
601,Rubin,Cleef,Male,4/16/1974,3798,rcleefgo@ask.com
602,Alice,Halling,Female,9/24/1975,719,ahallinggp@zdnet.com
603,Rory,Espinoza,Male,3/26/1994,3839,respinozagq@ezinearticles.com
604,Elyse,Yandell,Female,6/29/1985,3252,eyandellgr@t-online.de
605,Gwyn,Swaysland,Female,5/18/1995,3014,gswayslandgs@simplemachines.org
606,Rufe,Scholar,Male,7/22/1965,3748,rscholargt@constantcontact.com
607,Shaw,Croci,Male,3/9/1973,4878,scrocigu@npr.org
608,Amitie,Luparto,Female,12/10/1971,2633,alupartogv@si.edu
609,Doria,Aizkovitch,Female,11/11/1980,4319,daizkovitchgw@imageshack.us
610,Godfrey,Utridge,Male,9/15/1982,2885,gutridgegx@cbc.ca
611,Luelle,Treves,Female,10/19/1995,3276,ltrevesgy@rediff.com
612,Theobald,Santhouse,Male,3/8/1970,2687,tsanthousegz@istockphoto.com
613,Raine,Brecknell,Female,1/20/1965,3624,rbrecknellh0@chronoengine.com
614,Jesselyn,Mattingson,Female,9/14/1960,4195,jmattingsonh1@prnewswire.com
615,Baudoin,Greatex,Male,2/24/1994,710,bgreatexh2@lycos.com
616,Nertie,Elt,Female,5/6/1997,1887,nelth3@squarespace.com
617,Roosevelt,Mecchi,Male,9/8/1993,3697,rmecchih4@vistaprint.com
618,Adrien,Fleming,Male,7/13/1960,68,aflemingh5@typepad.com
619,Byrle,Firmager,Male,3/21/1996,4865,bfirmagerh6@mashable.com
620,Letta,Fullstone,Female,3/19/1979,4503,lfullstoneh7@ehow.com
621,Beatrix,Ricoald,Female,7/7/1971,56,bricoaldh8@senate.gov
622,Abe,Roft,Male,10/15/1978,659,arofth9@clickbank.net
623,Cayla,Cunney,Female,6/29/1990,3699,ccunneyha@multiply.com
624,Renate,Brun,Female,3/23/1984,2071,rbrunhb@ehow.com
625,Fredi,Matusson,Female,7/2/1960,3857,fmatussonhc@smh.com.au
626,Farrell,Lichtfoth,Male,5/15/1993,525,flichtfothhd@theglobeandmail.com
627,Chancey,Paling,Male,5/6/1990,4321,cpalinghe@dedecms.com
628,Issiah,Rennebach,Male,7/29/1973,1734,irennebachhf@deviantart.com
629,Concordia,Twinterman,Female,10/23/1973,2460,ctwintermanhg@pinterest.com
630,Floria,Bedell,Female,1/6/1991,2577,fbedellhh@sina.com.cn
631,Doloritas,Mathews,Female,7/23/1964,4396,dmathewshi@behance.net
632,Alejandro,Freer,Male,12/9/1994,1201,afreerhj@scribd.com
633,Marya,Speers,Female,8/2/1966,4471,mspeershk@example.com
634,Hall,Antram,Male,12/11/1995,342,hantramhl@globo.com
635,Batsheva,Justice,Female,3/25/1978,4433,bjusticehm@guardian.co.uk
636,Luciano,Beedle,Male,1/21/1971,1961,lbeedlehn@slideshare.net
637,Marlo,Abramcik,Male,3/31/1990,3369,mabramcikho@shop-pro.jp
638,Sherlock,Robinet,Male,3/21/1982,4265,srobinethp@abc.net.au
639,Jarib,Fullager,Male,12/28/1992,1972,jfullagerhq@berkeley.edu
640,Antoni,Ladley,Male,5/25/1981,1455,aladleyhr@scribd.com
641,Esteban,Hillburn,Male,2/17/1985,4420,ehillburnhs@histats.com
642,Erda,Helis,Female,7/4/1970,4361,ehelisht@sohu.com
643,Georgi,Summerfield,Male,7/5/1965,669,gsummerfieldhu@drupal.org
644,Vinny,Dudden,Female,3/13/1997,2163,vduddenhv@youtu.be
645,Sutherland,Capeling,Male,9/15/1970,3424,scapelinghw@cocolog-nifty.com
646,Edan,Addeycott,Male,4/17/1988,3261,eaddeycotthx@imdb.com
647,Ashia,Rubinivitz,Female,8/28/1972,1401,arubinivitzhy@umn.edu
648,Hal,Sieve,Male,4/13/2004,2008,hsievehz@wp.com
649,Hadley,Curneen,Male,6/4/1997,4528,hcurneeni0@blinklist.com
650,Zara,Vittery,Female,3/21/1966,4496,zvitteryi1@google.com.hk
651,Zaneta,Paddingdon,Female,9/24/1971,2596,zpaddingdoni2@netvibes.com
652,Katrinka,Muat,Female,7/3/1961,4768,kmuati3@wikispaces.com
653,Aaron,Frankis,Male,6/19/1997,802,afrankisi4@boston.com
654,Hillery,Ferie,Male,8/19/2001,4498,hferiei5@businessinsider.com
655,Padraic,Littlejohns,Male,3/4/1963,60,plittlejohnsi6@ucsd.edu
656,Marcy,Feyer,Female,4/6/1968,2968,mfeyeri7@cisco.com
657,Devon,Gluyus,Female,2/18/1980,2173,dgluyusi8@quantcast.com
658,Valery,Tremeer,Female,11/23/1975,1516,vtremeeri9@cbsnews.com
659,Matthaeus,Brimblecombe,Male,4/29/1978,3833,mbrimblecombeia@shareasale.com
660,King,Kingswood,Male,2/5/1995,392,kkingswoodib@go.com
661,Walton,Broggetti,Male,11/19/1989,2299,wbroggettiic@edublogs.org
662,Cristi,Botterman,Female,3/22/1982,3712,cbottermanid@arizona.edu
663,Scott,Clackson,Male,2/10/1967,4844,sclacksonie@flickr.com
664,Spense,Larmuth,Male,8/18/2002,1467,slarmuthif@eepurl.com
665,Sharron,Giaomozzo,Female,9/25/1992,2868,sgiaomozzoig@myspace.com
666,Pennie,Pudding,Male,10/5/1974,659,ppuddingih@theguardian.com
667,Hartley,Moston,Male,6/23/1968,2955,hmostonii@samsung.com
668,Paolo,Millam,Male,6/1/2001,126,pmillamij@cnet.com
669,Essy,Hickeringill,Female,8/15/1980,3077,ehickeringillik@phpbb.com
670,Fidelity,Mayes,Female,8/16/1987,1041,fmayesil@google.co.uk
671,Rollo,Yerlett,Male,3/29/1984,4730,ryerlettim@time.com
672,Riane,Winterton,Female,8/9/1979,1917,rwintertonin@youtu.be
673,Flory,Ryall,Female,7/14/1990,3549,fryallio@seattletimes.com
674,Nerte,Alexandre,Female,1/15/1996,1366,nalexandreip@ehow.com
675,Alberto,Counter,Male,12/31/1964,4717,acounteriq@timesonline.co.uk
676,Doti,Coudray,Female,6/15/1991,3910,dcoudrayir@yellowbook.com
677,Dale,Giacomini,Female,12/9/2001,2534,dgiacominiis@shutterfly.com
678,Sheff,Tesoe,Male,11/12/1982,3674,stesoeit@telegraph.co.uk
679,Aldric,Shoubridge,Male,7/25/1999,2428,ashoubridgeiu@weibo.com
680,Joachim,Caldeiro,Male,3/19/1990,211,jcaldeiroiv@nydailynews.com
681,Walker,Busfield,Male,8/7/1976,1064,wbusfieldiw@tripod.com
682,Glyn,Mucklow,Female,5/18/1990,3443,gmucklowix@techcrunch.com
683,Wilhelm,Klezmski,Male,5/16/1988,693,wklezmskiiy@deviantart.com
684,Karie,Dukes,Female,6/11/1968,4127,kdukesiz@china.com.cn
685,Martelle,Demchen,Female,5/13/1964,3448,mdemchenj0@twitter.com
686,Patti,Skipton,Female,7/8/1970,4479,pskiptonj1@ustream.tv
687,Philippa,Puttan,Female,5/20/1975,3455,pputtanj2@purevolume.com
688,Maurice,Jiggens,Male,3/14/1995,3227,mjiggensj3@cloudflare.com
689,Colin,Willicott,Male,6/14/1978,2333,cwillicottj4@wikimedia.org
690,Julianna,Putton,Female,3/1/1976,2621,jputtonj5@diigo.com
691,Benedict,Burdytt,Male,2/11/1991,3389,bburdyttj6@cnbc.com
692,Jerrie,Jelly,Female,11/22/1983,4871,jjellyj7@cbc.ca
693,Breanne,Goggey,Female,5/8/1970,842,bgoggeyj8@geocities.jp
694,Erl,Alabone,Male,9/11/1967,1783,ealabonej9@time.com
695,Myrta,Heimann,Female,1/18/1989,328,mheimannja@hubpages.com
696,Harbert,Dewfall,Male,10/17/1990,3965,hdewfalljb@gnu.org
697,Bunnie,Burnup,Female,8/30/1968,1075,bburnupjc@behance.net
698,Rog,Schuh,Male,8/28/2000,1516,rschuhjd@zimbio.com
699,Timmie,Fluger,Female,11/17/1961,4421,tflugerje@goodreads.com
700,Wallace,Charte,Male,12/14/1971,4939,wchartejf@stumbleupon.com
701,Joleen,Briand,Female,1/10/1992,1823,jbriandjg@miibeian.gov.cn
702,Edee,Rudeyeard,Female,5/1/1964,98,erudeyeardjh@wikispaces.com
703,Brittaney,Shory,Female,9/5/1966,1055,bshoryji@amazon.de
704,Bradley,Artois,Male,12/14/1965,4689,bartoisjj@samsung.com
705,Timmy,Munnis,Male,6/16/1985,2362,tmunnisjk@yelp.com
706,Katerine,Ennever,Female,4/20/1977,4383,kenneverjl@dailymotion.com
707,Cordula,Miskelly,Female,2/23/1965,121,cmiskellyjm@about.me
708,Valdemar,Toal,Male,8/16/1996,1387,vtoaljn@hao123.com
709,Neall,Jagiello,Male,5/26/1999,4406,njagiellojo@kickstarter.com
710,Emlen,Selbie,Male,10/2/1982,129,eselbiejp@who.int
711,Hubey,Rance,Male,10/22/1972,1523,hrancejq@simplemachines.org
712,Fonsie,Dutton,Male,6/18/2000,3294,fduttonjr@jimdo.com
713,Winny,Renzini,Male,4/9/1979,2839,wrenzinijs@chron.com
714,Lutero,Pennycuick,Male,9/13/1968,3239,lpennycuickjt@booking.com
715,Averill,Scully,Male,3/11/1974,2470,ascullyju@canalblog.com
716,Barth,Ofen,Male,1/23/1985,3328,bofenjv@de.vu
717,Lexy,Iceton,Female,4/5/1990,4451,licetonjw@edublogs.org
718,Silvanus,Pimme,Male,12/17/1999,4801,spimmejx@wufoo.com
719,Emory,Ranby,Male,12/20/2004,3197,eranbyjy@eventbrite.com
720,Sharline,Andover,Female,5/13/2004,1257,sandoverjz@aboutads.info
721,Brittne,Iffe,Female,8/9/1987,141,biffek0@xinhuanet.com
722,Sela,Khomishin,Female,1/27/2004,4564,skhomishink1@people.com.cn
723,Mahalia,Emerine,Female,7/7/2001,1596,memerinek2@nytimes.com
724,Virginia,McGlashan,Female,10/18/1996,1557,vmcglashank3@exblog.jp
725,Devlin,Ambage,Male,12/8/1982,3404,dambagek4@slideshare.net
726,Murvyn,Marrow,Male,6/25/1999,2337,mmarrowk5@flickr.com
727,Findley,Leap,Male,9/7/1963,2431,fleapk6@list-manage.com
728,Agathe,Odo,Female,1/26/1988,1164,aodok7@msn.com
729,Blondie,Peltz,Female,2/25/1996,3319,bpeltzk8@usatoday.com
730,Dannel,Feedham,Male,12/20/1968,981,dfeedhamk9@loc.gov
731,Tandy,Greenrde,Female,11/24/1995,435,tgreenrdeka@themeforest.net
732,Neille,Fifoot,Female,10/23/2000,4600,nfifootkb@earthlink.net
733,Marc,Orbon,Male,5/1/2004,3001,morbonkc@shutterfly.com
734,Sanford,Grigorescu,Male,5/29/1971,3912,sgrigorescukd@techcrunch.com
735,Carleton,Penwarden,Male,6/13/2004,3716,cpenwardenke@ifeng.com
736,Estrellita,Gorler,Female,8/26/1969,4353,egorlerkf@ebay.com
737,Kissiah,Stopp,Female,4/11/1979,192,kstoppkg@businessweek.com
738,Luca,Diment,Male,2/4/1982,2505,ldimentkh@unblog.fr
739,Agosto,Ishchenko,Male,9/12/1986,3531,aishchenkoki@istockphoto.com
740,Dalt,Normavell,Male,1/19/1998,3227,dnormavellkj@theglobeandmail.com
741,Tuckie,Snufflebottom,Male,11/16/2003,1766,tsnufflebottomkk@scribd.com
742,Deeanne,Himsworth,Female,6/12/1994,2748,dhimsworthkl@dailymail.co.uk
743,Harley,Cabane,Male,10/10/1989,625,hcabanekm@vinaora.com
744,Ruttger,Desmond,Male,7/3/1983,4218,rdesmondkn@reference.com
745,Wake,Cromarty,Male,8/18/1991,4752,wcromartyko@sitemeter.com
746,Caitrin,Kalvin,Female,5/14/1982,678,ckalvinkp@utexas.edu
747,Shae,Girogetti,Male,2/14/1990,1357,sgirogettikq@weibo.com
748,Worthington,Lodden,Male,8/20/1988,800,wloddenkr@mail.ru
749,Helena,Borgne,Female,2/24/2003,4317,hborgneks@imdb.com
750,Eve,Sterndale,Female,7/29/1970,225,esterndalekt@webnode.com
751,Gilberta,Tatnell,Female,10/31/1985,3512,gtatnellku@sitemeter.com
752,Vernon,Lewington,Male,8/13/1966,2804,vlewingtonkv@homestead.com
753,Lucian,Pring,Male,9/21/1986,1193,lpringkw@elegantthemes.com
754,Ruddy,Liddicoat,Male,1/12/2002,1273,rliddicoatkx@google.ru
755,Mano,Philpin,Male,1/16/1988,1377,mphilpinky@t-online.de
756,Kari,Marden,Female,7/18/1982,1113,kmardenkz@amazon.co.uk
757,Freddi,Mc Carrick,Female,10/6/1994,4535,fmccarrickl0@purevolume.com
758,Hedy,Garfield,Female,11/29/1967,34,hgarfieldl1@mayoclinic.com
759,Karim,Hussey,Male,3/17/1981,101,khusseyl2@amazon.de
760,Gretal,Fitchew,Female,6/29/1980,1285,gfitchewl3@scribd.com
761,Lizabeth,Goodbody,Female,8/23/1977,1426,lgoodbodyl4@nymag.com
762,Julee,Metzel,Female,10/5/1973,3871,jmetzell5@engadget.com
763,Josiah,Sheppey,Male,7/6/1964,3486,jsheppeyl6@addthis.com
764,Juana,Brok,Female,11/1/2004,3583,jbrokl7@tamu.edu
765,Florry,Ellins,Female,6/7/2000,4313,fellinsl8@woothemes.com
766,Larry,Talkington,Male,9/25/2001,10,ltalkingtonl9@chron.com
767,Morganica,Neno,Female,12/22/2002,501,mnenola@cloudflare.com
768,Petronella,Ingolotti,Female,8/18/1984,1014,pingolottilb@blogtalkradio.com
769,Kenny,Angell,Male,2/14/1961,3459,kangelllc@google.cn
770,Gratiana,Norcliffe,Female,5/4/1998,522,gnorcliffeld@wsj.com
771,Gelya,Crehan,Female,11/15/2002,1635,gcrehanle@wiley.com
772,Ardisj,Buyers,Female,9/19/1963,2764,abuyerslf@unc.edu
773,Addia,Gyse,Female,8/5/1974,2081,agyselg@goodreads.com
774,Valentine,Dalyell,Female,11/10/1981,3656,vdalyelllh@thetimes.co.uk
775,Marv,Cossons,Male,6/27/1976,2517,mcossonsli@eventbrite.com
776,Ashlin,Gussie,Male,5/19/1981,3708,agussielj@elpais.com
777,Sascha,Giovannilli,Female,1/12/1975,4590,sgiovannillilk@webs.com
778,Sinclair,Aleveque,Male,5/12/1997,3565,salevequell@google.cn
779,Roze,Dracksford,Female,11/4/1968,282,rdracksfordlm@wikispaces.com
780,Leta,Negro,Female,11/19/1970,3689,lnegroln@paypal.com
781,Parker,Eliot,Male,3/29/1969,332,peliotlo@livejournal.com
782,Blanch,Greim,Female,10/1/1994,3726,bgreimlp@domainmarket.com
783,Babara,Skotcher,Female,8/6/1995,4422,bskotcherlq@homestead.com
784,Aimee,Harradence,Female,5/16/1987,976,aharradencelr@wix.com
785,Hirsch,Alishoner,Male,2/27/1990,3601,halishonerls@cbslocal.com
786,Tamera,Brightling,Female,10/22/1985,539,tbrightlinglt@utexas.edu
787,Wayland,Boeter,Male,7/14/1989,3095,wboeterlu@wunderground.com
788,Ambros,Degoey,Male,11/5/1992,1348,adegoeylv@bluehost.com
789,Rossie,Olyunin,Male,8/26/1995,3137,rolyuninlw@yahoo.com
790,Verina,Reyne,Female,2/2/1996,4538,vreynelx@sakura.ne.jp
791,Callean,Handrahan,Male,8/8/1969,2969,chandrahanly@360.cn
792,Dwight,Ripper,Male,6/23/1991,3940,dripperlz@uiuc.edu
793,Ruthy,Lovelace,Female,8/9/1976,486,rlovelacem0@stanford.edu
794,Siusan,Louca,Female,3/15/1962,3497,sloucam1@zdnet.com
795,Ronnie,McNeely,Male,4/12/1975,3472,rmcneelym2@ifeng.com
796,Harvey,Shovlar,Male,5/14/1966,2568,hshovlarm3@sbwire.com
797,Faye,Feldmann,Female,10/5/1992,3521,ffeldmannm4@google.com.hk
798,Tammy,Schubuser,Male,5/16/1984,3559,tschubuserm5@whitehouse.gov
799,Reinwald,MacAdam,Male,3/3/1995,1710,rmacadamm6@biblegateway.com
800,Letisha,Wade,Female,5/5/1971,2824,lwadem7@state.tx.us
801,Ava,Wyldbore,Female,11/13/1979,3063,awyldborem8@nhs.uk
802,Clifford,Casin,Male,1/28/1988,2550,ccasinm9@chicagotribune.com
803,Latisha,Bramelt,Female,4/7/2001,2033,lbrameltma@ocn.ne.jp
804,Drew,Branigan,Male,1/18/1998,4401,dbraniganmb@ibm.com
805,Terrance,Dabernott,Male,8/26/1960,4710,tdabernottmc@netlog.com
806,Davine,Kenderdine,Female,9/15/1970,1757,dkenderdinemd@github.io
807,Julie,Sarver,Male,1/19/1986,807,jsarverme@scientificamerican.com
808,Edik,Cobelli,Male,10/29/1995,3755,ecobellimf@prweb.com
809,Rouvin,Schoolcroft,Male,3/13/2004,3804,rschoolcroftmg@technorati.com
810,Karil,Titchener,Female,8/13/1973,2354,ktitchenermh@issuu.com
811,Findlay,Burdett,Male,8/8/1969,2547,fburdettmi@dell.com
812,Llywellyn,Kilmartin,Male,1/17/1973,1561,lkilmartinmj@123-reg.co.uk
813,Goddart,Greenleaf,Male,10/27/1966,3642,ggreenleafmk@gmpg.org
814,Osgood,Silver,Male,9/24/1985,2858,osilverml@theguardian.com
815,Lenci,Edbrooke,Male,10/26/1965,797,ledbrookemm@dell.com
816,Francisco,Ebunoluwa,Male,4/8/1991,6,febunoluwamn@stanford.edu
817,Susi,Avon,Female,8/7/2001,4393,savonmo@guardian.co.uk
818,Farrell,Fero,Male,9/30/1982,4314,fferomp@ca.gov
819,Elvyn,Andre,Male,12/2/1987,2565,eandremq@kickstarter.com
820,Mackenzie,Hamfleet,Male,7/29/1981,4645,mhamfleetmr@nifty.com
821,Gaylene,Grigorey,Female,12/4/1964,2693,ggrigoreyms@ebay.co.uk
822,Boonie,Stubbington,Male,11/4/1972,740,bstubbingtonmt@cdbaby.com
823,Jennie,Sebring,Female,1/14/2004,3362,jsebringmu@merriam-webster.com
824,Almire,Couchman,Female,5/2/1997,3234,acouchmanmv@ask.com
825,Darb,Stoodale,Male,6/23/1960,4495,dstoodalemw@nsw.gov.au
826,Berthe,Lease,Female,5/10/1979,671,bleasemx@sitemeter.com
827,Ariella,Syplus,Female,3/15/1974,20,asyplusmy@alexa.com
828,Abbe,Hendrick,Female,6/8/2001,4799,ahendrickmz@telegraph.co.uk
829,Gibb,Clack,Male,9/9/1982,3208,gclackn0@last.fm
830,Munmro,Franz-Schoninger,Male,4/18/1977,578,mfranzschoningern1@360.cn
831,Chadwick,Stewart,Male,8/19/1981,620,cstewartn2@addthis.com
832,Maxine,Okie,Female,6/27/1980,3469,mokien3@barnesandnoble.com
833,Inigo,Hulks,Male,1/5/1976,4322,ihulksn4@ucoz.com
834,Shawna,Yuryshev,Female,7/27/1966,1934,syuryshevn5@google.es
835,Ellissa,Lloyd-Williams,Female,7/14/1984,2985,elloydwilliamsn6@cocolog-nifty.com
836,Griffy,Kilcoyne,Male,9/13/1975,3521,gkilcoynen7@pinterest.com
837,Ole,Tock,Male,12/25/1985,530,otockn8@cnbc.com
838,Phylys,Stollsteiner,Female,6/18/1985,2827,pstollsteinern9@deliciousdays.com
839,Dorette,Apark,Female,5/25/1975,208,daparkna@jigsy.com
840,Fergus,Granger,Male,1/26/1981,4415,fgrangernb@privacy.gov.au
841,Ryun,Summerhayes,Male,1/3/1964,4213,rsummerhayesnc@squarespace.com
842,Wilton,Britten,Male,11/28/1991,3519,wbrittennd@aboutads.info
843,Dex,Goggen,Male,12/1/1995,3439,dgoggenne@unesco.org
844,Egbert,McCullouch,Male,3/6/1990,1794,emccullouchnf@fotki.com
845,Rosella,MacGiolla Pheadair,Female,9/17/1993,4762,rmacgiollapheadairng@smugmug.com
846,Birgit,Jewell,Female,3/16/1978,1895,bjewellnh@usa.gov
847,Faustina,Learmond,Female,5/18/1968,2817,flearmondni@prnewswire.com
848,Phillida,Fagence,Female,2/17/1989,4722,pfagencenj@webeden.co.uk
849,Claudina,Mulchrone,Female,6/26/1968,2333,cmulchronenk@mit.edu
850,Stern,Gini,Male,2/2/1966,294,sgininl@mail.ru
851,Cyrille,Daout,Male,11/2/1970,2953,cdaoutnm@usatoday.com
852,Jacqueline,Seaborne,Female,11/10/1983,1870,jseabornenn@bloomberg.com
853,Zonda,Posthill,Female,12/4/1965,38,zposthillno@economist.com
854,Patrice,Tamlett,Male,3/14/1995,2398,ptamlettnp@vinaora.com
855,Karon,Ramsell,Female,12/9/1989,4988,kramsellnq@forbes.com
856,Maurie,Kobera,Male,5/9/1974,3820,mkoberanr@loc.gov
857,Adda,Denyagin,Female,7/13/1978,23,adenyaginns@mit.edu
858,Seumas,Zellner,Male,8/11/1966,1714,szellnernt@themeforest.net
859,Emalee,Halligan,Female,11/9/1967,2745,ehalligannu@123-reg.co.uk
860,Dermot,Crowdace,Male,4/28/1992,2308,dcrowdacenv@naver.com
861,Dav,Swettenham,Male,9/30/1964,2342,dswettenhamnw@cyberchimps.com
862,Xymenes,Godon,Male,6/12/1977,2291,xgodonnx@newsvine.com
863,Baillie,Klejin,Male,1/15/1975,1528,bklejinny@simplemachines.org
864,Gayleen,Simmonds,Female,6/12/2002,3443,gsimmondsnz@npr.org
865,Alan,Glendenning,Male,11/28/1989,4464,aglendenningo0@yelp.com
866,Karole,Bleddon,Female,12/12/1985,4554,kbleddono1@geocities.jp
867,Adina,Knipe,Female,12/2/1992,3166,aknipeo2@squidoo.com
868,Benn,Elcom,Male,3/15/1962,610,belcomo3@mozilla.org
869,Minta,Ambroziak,Female,10/17/2000,4536,mambroziako4@wordpress.com
870,Theodosia,Rouby,Female,8/16/1993,4902,troubyo5@dedecms.com
871,Tori,Bess,Female,2/26/1972,962,tbesso6@admin.ch
872,Carmen,Sharram,Female,2/19/1964,2279,csharramo7@smugmug.com
873,Symon,Rabat,Male,12/13/1987,3156,srabato8@sourceforge.net
874,Valle,Storrier,Male,3/17/1999,1777,vstorriero9@privacy.gov.au
875,Helenelizabeth,Bennellick,Female,2/7/1982,4435,hbennellickoa@e-recht24.de
876,Goraud,Guinnane,Male,1/2/1977,1641,gguinnaneob@si.edu
877,Tricia,Dallmann,Female,11/3/1987,126,tdallmannoc@pbs.org
878,Inez,Veale,Female,3/5/1989,2354,ivealeod@washington.edu
879,Garvey,Gregon,Male,5/24/1989,3801,ggregonoe@soundcloud.com
880,Patricio,Thurber,Male,8/25/1966,1901,pthurberof@com.com
881,Peri,Cotterill,Female,8/16/2001,4977,pcotterillog@issuu.com
882,Sylvia,Ondrasek,Female,5/11/1976,303,sondrasekoh@sfgate.com
883,Marcelline,Stove,Female,10/7/1989,2089,mstoveoi@dmoz.org
884,Jethro,Antrum,Male,9/30/1992,1347,jantrumoj@51.la
885,Wynn,Salvin,Male,12/17/1963,407,wsalvinok@linkedin.com
886,Augustine,O'Luney,Male,11/13/1973,2359,aoluneyol@yahoo.co.jp
887,Lita,Reinard,Female,12/2/1968,3811,lreinardom@ft.com
888,Archer,Kestin,Male,7/24/2002,2811,akestinon@twitpic.com
889,Nikos,Kasman,Male,12/6/1968,1976,nkasmanoo@shutterfly.com
890,Trish,Rannald,Female,4/16/1980,1929,trannaldop@dyndns.org
891,Morry,Keaton,Male,9/16/1998,1931,mkeatonoq@google.cn
892,Denney,Balsdone,Male,8/19/1989,3144,dbalsdoneor@cdbaby.com
893,Minor,Baldin,Male,2/8/1964,4983,mbaldinos@intel.com
894,Rubin,Widdup,Male,11/15/1967,4002,rwiddupot@linkedin.com
895,Onida,Olifard,Female,3/18/1990,802,oolifardou@hc360.com
896,Elinor,Scarce,Female,1/12/1986,4586,escarceov@epa.gov
897,Pip,Wimbury,Male,12/18/1991,4186,pwimburyow@wisc.edu
898,Melva,Lawry,Female,6/3/1966,2012,mlawryox@timesonline.co.uk
899,Maryl,Lazonby,Female,10/30/1965,3654,mlazonbyoy@issuu.com
900,Alfi,Gatheral,Female,8/31/1970,1274,agatheraloz@desdev.cn
901,Doralia,Pettiford,Female,1/23/1967,1803,dpettifordp0@skype.com
902,Nessa,Limpkin,Female,6/10/1970,1212,nlimpkinp1@pinterest.com
903,Caddric,Haygreen,Male,5/12/1969,802,chaygreenp2@vkontakte.ru
904,Griz,Emlen,Male,2/22/2000,1623,gemlenp3@google.com
905,Drew,Faulconer,Male,3/10/1985,4788,dfaulconerp4@storify.com
906,Ertha,Glasson,Female,4/26/2001,2423,eglassonp5@microsoft.com
907,Muffin,Rucklesse,Female,11/1/1972,4727,mrucklessep6@artisteer.com
908,Marcela,Gronowe,Female,2/27/1990,3218,mgronowep7@deviantart.com
909,Wallas,Hurford,Male,4/1/1962,3781,whurfordp8@163.com
910,Hugo,Blanket,Male,3/21/1986,2486,hblanketp9@soundcloud.com
911,Katinka,Antonetti,Female,1/25/1994,4937,kantonettipa@bloomberg.com
912,Gardener,Rayer,Male,11/22/1988,738,grayerpb@cam.ac.uk
913,Barbi,Saiz,Female,5/2/1980,1916,bsaizpc@dedecms.com
914,Haven,Cromer,Male,5/19/1991,4651,hcromerpd@umn.edu
915,Kristina,Glasscoo,Female,2/23/1982,4992,kglasscoope@bbc.co.uk
916,Marj,Osmint,Female,3/17/1977,2094,mosmintpf@nps.gov
917,Thedrick,Trencher,Male,4/14/1990,2709,ttrencherpg@liveinternet.ru
918,Denver,Crowcum,Male,5/20/1989,1659,dcrowcumph@reference.com
919,Turner,Gatsby,Male,7/18/1994,4842,tgatsbypi@economist.com
920,Hetti,Waterland,Female,11/30/1997,3428,hwaterlandpj@gmpg.org
921,Rolf,Sonley,Male,4/7/1965,295,rsonleypk@unc.edu
922,Cati,Blanning,Female,4/6/1985,4602,cblanningpl@google.fr
923,Kaiser,Grisdale,Male,12/2/1963,1061,kgrisdalepm@mac.com
924,Adelheid,Letterick,Female,5/31/1961,2124,aletterickpn@zimbio.com
925,Rosina,Durak,Female,11/29/1990,4723,rdurakpo@dagondesign.com
926,Meier,Mattioli,Male,7/17/1991,931,mmattiolipp@wikimedia.org
927,Francine,Lanphier,Female,1/23/1972,2196,flanphierpq@t-online.de
928,Mollie,Sneden,Female,7/19/1992,2621,msnedenpr@yale.edu
929,Reilly,Phippard,Male,11/3/1974,4982,rphippardps@ask.com
930,Inez,Esparza,Female,4/27/1968,4074,iesparzapt@archive.org
931,Harli,Jahan,Female,8/23/1979,166,hjahanpu@bluehost.com
932,George,Yanez,Male,9/30/1997,951,gyanezpv@fema.gov
933,Winifield,Damiata,Male,12/22/1986,4005,wdamiatapw@t.co
934,Abey,Haydon,Male,10/1/1986,2952,ahaydonpx@mlb.com
935,Livvyy,Bricksey,Female,5/2/1984,1935,lbrickseypy@indiatimes.com
936,Drona,Mayoh,Female,6/29/1993,3828,dmayohpz@umn.edu
937,Johnna,Bowie,Female,12/13/1995,201,jbowieq0@sohu.com
938,Steffie,Feldbaum,Female,10/9/1999,3007,sfeldbaumq1@auda.org.au
939,Gage,Oret,Male,3/31/1996,4257,goretq2@wordpress.org
940,Orv,Bottby,Male,3/13/1995,3061,obottbyq3@prnewswire.com
941,Delmor,Tomsa,Male,4/2/1987,3280,dtomsaq4@linkedin.com
942,Zeke,Greenig,Male,10/27/1964,4761,zgreenigq5@howstuffworks.com
943,Andi,Keeble,Female,3/12/1991,1707,akeebleq6@cocolog-nifty.com
944,Phylys,Cristea,Female,7/18/1963,411,pcristeaq7@woothemes.com
945,Stinky,Veighey,Male,7/12/1989,1933,sveigheyq8@prlog.org
946,Beverley,Tilbury,Female,11/13/1995,1990,btilburyq9@opensource.org
947,Heall,Bussey,Male,5/23/1974,4657,hbusseyqa@amazonaws.com
948,Cristionna,Griffey,Female,6/23/1999,2615,cgriffeyqb@who.int
949,Reinaldo,Gunthorp,Male,6/18/1969,2788,rgunthorpqc@paypal.com
950,Jesse,Needs,Male,10/1/1972,3328,jneedsqd@google.de
951,Belinda,Lokier,Female,5/23/1974,1244,blokierqe@mozilla.com
952,Immanuel,Garbutt,Male,4/9/1999,1276,igarbuttqf@barnesandnoble.com
953,Finn,Lasslett,Male,7/23/1990,2137,flasslettqg@microsoft.com
954,Earl,Pedrielli,Male,1/6/1974,4667,epedrielliqh@unesco.org
955,Sunny,Allin,Male,10/1/1978,1246,sallinqi@virginia.edu
956,Lorelei,Battey,Female,2/13/1993,4507,lbatteyqj@miitbeian.gov.cn
957,Benyamin,Yirrell,Male,9/7/1961,1108,byirrellqk@psu.edu
958,Jethro,Ianelli,Male,2/14/1971,4672,jianelliql@guardian.co.uk
959,George,Gately,Male,2/24/1993,2097,ggatelyqm@a8.net
960,Siobhan,O'Scanlon,Female,1/11/1967,4370,soscanlonqn@arizona.edu
961,Magdaia,Willishire,Female,4/9/1995,1285,mwillishireqo@merriam-webster.com
962,Bearnard,Allbrook,Male,10/21/1978,2062,ballbrookqp@omniture.com
963,Anderea,Joselevitz,Female,5/24/1995,2112,ajoselevitzqq@buzzfeed.com
964,Gay,Wight,Female,9/7/1975,1816,gwightqr@fema.gov
965,Eolande,Whinney,Female,2/23/1981,3439,ewhinneyqs@edublogs.org
966,Lazare,Danilenko,Male,12/23/1993,3671,ldanilenkoqt@illinois.edu
967,Roscoe,Minci,Male,9/7/1991,1996,rminciqu@amazon.co.uk
968,Linnell,Blumer,Female,11/22/1989,3598,lblumerqv@examiner.com
969,Misty,McGrotty,Female,6/25/2004,2270,mmcgrottyqw@chronoengine.com
970,Shandra,Mose,Female,8/5/1984,1708,smoseqx@ihg.com
971,Kelbee,Hardway,Male,2/11/1998,2485,khardwayqy@vinaora.com
972,Charissa,Gilling,Female,12/13/1960,4490,cgillingqz@macromedia.com
973,Constantin,Attard,Male,12/18/1996,3596,cattardr0@nationalgeographic.com
974,Broddie,Pennoni,Male,5/4/1980,4246,bpennonir1@pen.io
975,Delores,Shills,Female,3/29/1961,3846,dshillsr2@cnn.com
976,Tilda,Todarini,Female,8/22/1990,4004,ttodarinir3@wunderground.com
977,Reta,Petrasso,Female,2/14/1977,2373,rpetrassor4@japanpost.jp
978,Korney,Baunton,Female,3/26/1973,343,kbauntonr5@nydailynews.com
979,Kerstin,Marlowe,Female,12/8/1968,2652,kmarlower6@ox.ac.uk
980,Derek,Alenov,Male,7/15/1977,457,dalenovr7@multiply.com
981,Joe,Kloster,Male,12/15/2002,4590,jklosterr8@google.de
982,Free,Neubigin,Male,12/6/1971,1858,fneubiginr9@ft.com
983,Mirella,Biddy,Female,3/6/1979,3016,mbiddyra@disqus.com
984,Judy,Broxholme,Female,11/25/1962,3943,jbroxholmerb@liveinternet.ru
985,Jacinda,Tofano,Female,10/20/1986,3299,jtofanorc@zimbio.com
986,Colan,Perrelli,Male,6/26/1991,2046,cperrellird@ucsd.edu
987,Lucille,Stivens,Female,10/20/1969,1846,lstivensre@mayoclinic.com
988,Tripp,Yarham,Male,11/30/1983,4674,tyarhamrf@odnoklassniki.ru
989,Drugi,Codrington,Male,1/7/1987,1819,dcodringtonrg@umn.edu
990,Sisely,Varran,Female,11/21/1993,3270,svarranrh@goo.ne.jp
991,Christy,O'Brien,Female,5/6/1985,3154,cobrienri@drupal.org
992,Willie,Swannick,Male,1/8/1964,2618,wswannickrj@reverbnation.com
993,Leonore,Shoubridge,Female,6/19/1989,4401,lshoubridgerk@adobe.com
994,Caitlin,Gritland,Female,9/16/1968,1293,cgritlandrl@cnn.com
995,Titus,Kidson,Male,1/27/1971,2957,tkidsonrm@elegantthemes.com
996,Dalis,MacClay,Male,5/8/1978,3042,dmacclayrn@cloudflare.com
997,Tito,Van Velde,Male,5/5/2000,2657,tvanveldero@csmonitor.com
998,Jory,Benoix,Male,1/9/1964,4936,jbenoixrp@amazon.co.jp
999,Deedee,Croyser,Female,10/13/1998,4847,dcroyserrq@people.com.cn
1000,Jody,Domeny,Male,5/16/1999,1175,jdomenyrr@google.ca
